{
  "folds": [
    {
      "fold": 1,
      "n_train": 481,
      "n_val": 104,
      "n_test": 104,
      "baseline_accuracy": 0.7019230769230769,
      "baseline_f1": 0.8248587570621468,
      "train_accuracy": 0.7484407484407485,
      "train_f1": 0.8477987421383648,
      "train_auroc": 1.0,
      "val_accuracy": 0.7211538461538461,
      "val_f1": 0.8342857142857143,
      "val_auroc": 0.6699072028281042,
      "test_accuracy": 0.7211538461538461,
      "test_f1": 0.8323699421965318,
      "test_auroc": 0.6016349977905435
    }
  ],
  "avg_baseline_accuracy": 0.7019230769230769,
  "avg_baseline_f1": 0.8248587570621468,
  "avg_train_accuracy": 0.7484407484407485,
  "avg_train_f1": 0.8477987421383648,
  "avg_train_auroc": 1.0,
  "avg_val_auroc": 0.6699072028281042,
  "avg_test_accuracy": 0.7211538461538461,
  "avg_test_f1": 0.8323699421965318,
  "avg_test_auroc": 0.6016349977905435,
  "feature_dim": 896,
  "n_samples": 689,
  "n_folds": 1,
  "extract_time_s": 136.6420509815216
}