{
  "folds": [
    {
      "fold": 1,
      "n_train": 481,
      "n_val": 104,
      "n_test": 104,
      "baseline_accuracy": 0.7019230769230769,
      "baseline_f1": 0.8248587570621468,
      "train_accuracy": 0.8482328482328483,
      "train_f1": 0.901749663526245,
      "train_auroc": 0.982834652159578,
      "val_accuracy": 0.7307692307692307,
      "val_f1": 0.8313253012048193,
      "val_auroc": 0.6734423331860362,
      "test_accuracy": 0.75,
      "test_f1": 0.8354430379746836,
      "test_auroc": 0.7437030490499337
    }
  ],
  "avg_baseline_accuracy": 0.7019230769230769,
  "avg_baseline_f1": 0.8248587570621468,
  "avg_train_accuracy": 0.8482328482328483,
  "avg_train_f1": 0.901749663526245,
  "avg_train_auroc": 0.982834652159578,
  "avg_val_auroc": 0.6734423331860362,
  "avg_test_accuracy": 0.75,
  "avg_test_f1": 0.8354430379746836,
  "avg_test_auroc": 0.7437030490499337,
  "feature_dim": 896,
  "n_samples": 689,
  "n_folds": 1,
  "extract_time_s": 137.13821744918823
}