{
  "folds": [
    {
      "fold": 1,
      "n_train": 481,
      "n_val": 104,
      "n_test": 104,
      "baseline_accuracy": 0.7019230769230769,
      "baseline_f1": 0.8248587570621468,
      "train_accuracy": 0.9542619542619543,
      "train_f1": 0.9683908045977011,
      "train_auroc": 0.9996909000989119,
      "val_accuracy": 0.7211538461538461,
      "val_f1": 0.8198757763975155,
      "val_auroc": 0.6615112682280159,
      "test_accuracy": 0.75,
      "test_f1": 0.8333333333333334,
      "test_auroc": 0.752982766239505
    }
  ],
  "avg_baseline_accuracy": 0.7019230769230769,
  "avg_baseline_f1": 0.8248587570621468,
  "avg_train_accuracy": 0.9542619542619543,
  "avg_train_f1": 0.9683908045977011,
  "avg_train_auroc": 0.9996909000989119,
  "avg_val_auroc": 0.6615112682280159,
  "avg_test_accuracy": 0.75,
  "avg_test_f1": 0.8333333333333334,
  "avg_test_auroc": 0.752982766239505,
  "feature_dim": 1792,
  "n_samples": 689,
  "n_folds": 1,
  "extract_time_s": 138.72916102409363
}