{
  "folds": [
    {
      "fold": 1,
      "n_train": 481,
      "n_val": 104,
      "n_test": 104,
      "baseline_accuracy": 0.7019230769230769,
      "baseline_f1": 0.8248587570621468,
      "train_accuracy": 0.841995841995842,
      "train_f1": 0.8986666666666666,
      "train_auroc": 0.9999587866798549,
      "val_accuracy": 0.7211538461538461,
      "val_f1": 0.8284023668639053,
      "val_auroc": 0.6699072028281043,
      "test_accuracy": 0.7403846153846154,
      "test_f1": 0.8301886792452831,
      "test_auroc": 0.7401679186920017
    }
  ],
  "avg_baseline_accuracy": 0.7019230769230769,
  "avg_baseline_f1": 0.8248587570621468,
  "avg_train_accuracy": 0.841995841995842,
  "avg_train_f1": 0.8986666666666666,
  "avg_train_auroc": 0.9999587866798549,
  "avg_val_auroc": 0.6699072028281043,
  "avg_test_accuracy": 0.7403846153846154,
  "avg_test_f1": 0.8301886792452831,
  "avg_test_auroc": 0.7401679186920017,
  "feature_dim": 896,
  "n_samples": 689,
  "n_folds": 1,
  "extract_time_s": 131.5589792728424
}