{
  "folds": [
    {
      "fold": 1,
      "n_train": 481,
      "n_val": 104,
      "n_test": 104,
      "baseline_accuracy": 0.7019230769230769,
      "baseline_f1": 0.8248587570621468,
      "train_accuracy": 0.83991683991684,
      "train_f1": 0.8974700399467377,
      "train_auroc": 0.9827316188592153,
      "val_accuracy": 0.7211538461538461,
      "val_f1": 0.8263473053892215,
      "val_auroc": 0.6769774635439683,
      "test_accuracy": 0.7115384615384616,
      "test_f1": 0.8148148148148148,
      "test_auroc": 0.7450287229341581
    }
  ],
  "avg_baseline_accuracy": 0.7019230769230769,
  "avg_baseline_f1": 0.8248587570621468,
  "avg_train_accuracy": 0.83991683991684,
  "avg_train_f1": 0.8974700399467377,
  "avg_train_auroc": 0.9827316188592153,
  "avg_val_auroc": 0.6769774635439683,
  "avg_test_accuracy": 0.7115384615384616,
  "avg_test_f1": 0.8148148148148148,
  "avg_test_auroc": 0.7450287229341581,
  "feature_dim": 896,
  "n_samples": 689,
  "n_folds": 1,
  "extract_time_s": 136.78082656860352
}